[
    {
        "model": "sales.delivery",
        "pk": 1,
        "fields": {
            "is_active": true,
            "created_at": "2022-10-22T00:11:12.289",
            "updated_at": "2022-10-22T00:11:12.289",
            "created_by": null,
            "updated_by": null,
            "address": "xxxxxxx",
            "date": "2022-05-19",
            "district": 1,
            "status": true
        }
    },
    {
        "model": "sales.delivery",
        "pk": 2,
        "fields": {
            "is_active": true,
            "created_at": "2022-10-22T00:14:19.935",
            "updated_at": "2022-10-22T00:14:19.935",
            "created_by": null,
            "updated_by": null,
            "address": "xxxxxxx",
            "date": "2022-05-19",
            "district": 1,
            "status": true
        }
    },
    {
        "model": "sales.delivery",
        "pk": 3,
        "fields": {
            "is_active": true,
            "created_at": "2022-10-22T01:12:55.256",
            "updated_at": "2022-10-22T01:12:55.256",
            "created_by": null,
            "updated_by": null,
            "address": "xxxxxxx",
            "date": "2022-05-19",
            "district": 1,
            "status": true
        }
    },
    {
        "model": "sales.delivery",
        "pk": 4,
        "fields": {
            "is_active": true,
            "created_at": "2022-10-22T01:21:51.045",
            "updated_at": "2022-10-22T01:21:51.045",
            "created_by": null,
            "updated_by": null,
            "address": "xxxxxxx",
            "date": "2022-05-19",
            "district": 1,
            "status": true
        }
    },
    {
        "model": "sales.delivery",
        "pk": 5,
        "fields": {
            "is_active": true,
            "created_at": "2022-10-22T01:42:25.723",
            "updated_at": "2022-10-22T01:42:25.723",
            "created_by": null,
            "updated_by": null,
            "address": "xxxxxxx",
            "date": "2022-05-19",
            "district": 1,
            "status": true
        }
    },
    {
        "model": "sales.delivery",
        "pk": 6,
        "fields": {
            "is_active": true,
            "created_at": "2022-10-22T01:43:30.622",
            "updated_at": "2022-10-22T01:43:30.623",
            "created_by": null,
            "updated_by": null,
            "address": "xxxxxxx",
            "date": "2022-05-19",
            "district": 1,
            "status": true
        }
    },
    {
        "model": "sales.delivery",
        "pk": 7,
        "fields": {
            "is_active": true,
            "created_at": "2022-10-22T01:44:41.157",
            "updated_at": "2022-10-22T01:44:41.157",
            "created_by": null,
            "updated_by": null,
            "address": "xxxxxxx",
            "date": "2022-05-19",
            "district": 1,
            "status": true
        }
    },
    {
        "model": "sales.delivery",
        "pk": 8,
        "fields": {
            "is_active": true,
            "created_at": "2022-10-22T01:46:20.687",
            "updated_at": "2022-10-22T01:46:20.687",
            "created_by": null,
            "updated_by": null,
            "address": "xxxxxxx",
            "date": "2022-05-19",
            "district": 1,
            "status": true
        }
    },
    {
        "model": "sales.delivery",
        "pk": 9,
        "fields": {
            "is_active": true,
            "created_at": "2022-10-22T01:47:24.003",
            "updated_at": "2022-10-22T01:47:24.003",
            "created_by": null,
            "updated_by": null,
            "address": "xxxxxxx",
            "date": "2022-05-19",
            "district": 1,
            "status": true
        }
    },
    {
        "model": "sales.delivery",
        "pk": 10,
        "fields": {
            "is_active": true,
            "created_at": "2022-10-22T01:47:57.706",
            "updated_at": "2022-10-22T01:47:57.707",
            "created_by": null,
            "updated_by": null,
            "address": "xxxxxxx",
            "date": "2022-05-19",
            "district": 1,
            "status": true
        }
    },
    {
        "model": "sales.delivery",
        "pk": 11,
        "fields": {
            "is_active": true,
            "created_at": "2022-10-22T01:50:42.271",
            "updated_at": "2022-10-22T01:50:42.271",
            "created_by": null,
            "updated_by": null,
            "address": "xxxxxxx",
            "date": "2022-05-19",
            "district": 1,
            "status": true
        }
    },
    {
        "model": "sales.delivery",
        "pk": 12,
        "fields": {
            "is_active": true,
            "created_at": "2022-10-22T01:52:05.208",
            "updated_at": "2022-10-22T01:52:05.208",
            "created_by": null,
            "updated_by": null,
            "address": "xxxxxxx",
            "date": "2022-05-19",
            "district": 1,
            "status": true
        }
    },
    {
        "model": "sales.delivery",
        "pk": 13,
        "fields": {
            "is_active": true,
            "created_at": "2022-10-22T01:54:48.882",
            "updated_at": "2022-10-22T01:54:48.882",
            "created_by": null,
            "updated_by": null,
            "address": "xxxxxxx",
            "date": "2022-05-19",
            "district": 1,
            "status": true
        }
    },
    {
        "model": "sales.delivery",
        "pk": 14,
        "fields": {
            "is_active": true,
            "created_at": "2022-10-22T01:57:12.132",
            "updated_at": "2022-10-22T01:57:12.132",
            "created_by": null,
            "updated_by": null,
            "address": "xxxxxxx",
            "date": "2022-05-19",
            "district": 1,
            "status": true
        }
    },
    {
        "model": "sales.delivery",
        "pk": 15,
        "fields": {
            "is_active": true,
            "created_at": "2022-10-22T01:58:19.285",
            "updated_at": "2022-10-22T01:58:19.285",
            "created_by": null,
            "updated_by": null,
            "address": "xxxxxxx",
            "date": "2022-05-19",
            "district": 1,
            "status": true
        }
    },
    {
        "model": "sales.delivery",
        "pk": 16,
        "fields": {
            "is_active": true,
            "created_at": "2022-10-22T01:59:25.809",
            "updated_at": "2022-10-22T01:59:25.809",
            "created_by": null,
            "updated_by": null,
            "address": "xxxxxxx",
            "date": "2022-05-19",
            "district": 1,
            "status": true
        }
    },
    {
        "model": "sales.delivery",
        "pk": 17,
        "fields": {
            "is_active": true,
            "created_at": "2022-10-22T02:39:57.802",
            "updated_at": "2022-10-22T02:39:57.802",
            "created_by": null,
            "updated_by": null,
            "address": "xxxxxxx",
            "date": "2022-05-19",
            "district": 1,
            "status": true
        }
    },
    {
        "model": "sales.delivery",
        "pk": 18,
        "fields": {
            "is_active": true,
            "created_at": "2022-10-22T02:40:38.874",
            "updated_at": "2022-10-22T02:40:38.874",
            "created_by": null,
            "updated_by": null,
            "address": "xxxxxxx",
            "date": "2022-05-19",
            "district": 1,
            "status": true
        }
    },
    {
        "model": "sales.delivery",
        "pk": 19,
        "fields": {
            "is_active": true,
            "created_at": "2022-10-22T02:57:23.002",
            "updated_at": "2022-10-22T02:57:23.002",
            "created_by": null,
            "updated_by": null,
            "address": "xxxxxxx",
            "date": "2022-05-19",
            "district": 1,
            "status": true
        }
    },
    {
        "model": "sales.delivery",
        "pk": 20,
        "fields": {
            "is_active": true,
            "created_at": "2022-10-22T03:04:56.946",
            "updated_at": "2022-10-22T03:04:56.946",
            "created_by": null,
            "updated_by": null,
            "address": "xxxxxxx",
            "date": "2022-05-19",
            "district": 1,
            "status": true
        }
    },
    {
        "model": "sales.order",
        "pk": 1,
        "fields": {
            "is_active": true,
            "created_at": "2022-10-22T00:11:23.481",
            "updated_at": "2022-10-22T00:11:23.481",
            "created_by": null,
            "updated_by": null,
            "code": "202200001",
            "customer": 1,
            "delivery": 1,
            "date": "2022-10-22",
            "status": true
        }
    },
    {
        "model": "sales.order",
        "pk": 2,
        "fields": {
            "is_active": true,
            "created_at": "2022-10-22T00:14:19.961",
            "updated_at": "2022-10-22T00:14:19.961",
            "created_by": null,
            "updated_by": null,
            "code": "202200002",
            "customer": 1,
            "delivery": 2,
            "date": "2022-10-22",
            "status": true
        }
    },
    {
        "model": "sales.order",
        "pk": 3,
        "fields": {
            "is_active": true,
            "created_at": "2022-10-22T01:12:55.316",
            "updated_at": "2022-10-22T01:12:55.316",
            "created_by": null,
            "updated_by": null,
            "code": "202200003",
            "customer": 2,
            "delivery": 3,
            "date": "2022-10-22",
            "status": true
        }
    },
    {
        "model": "sales.order",
        "pk": 4,
        "fields": {
            "is_active": true,
            "created_at": "2022-10-22T01:21:51.071",
            "updated_at": "2022-10-22T01:21:51.071",
            "created_by": null,
            "updated_by": null,
            "code": "202200004",
            "customer": 3,
            "delivery": 4,
            "date": "2022-10-22",
            "status": true
        }
    },
    {
        "model": "sales.order",
        "pk": 5,
        "fields": {
            "is_active": true,
            "created_at": "2022-10-22T01:42:25.758",
            "updated_at": "2022-10-22T01:42:25.758",
            "created_by": null,
            "updated_by": null,
            "code": "202200005",
            "customer": 3,
            "delivery": 5,
            "date": "2022-10-22",
            "status": true
        }
    },
    {
        "model": "sales.order",
        "pk": 6,
        "fields": {
            "is_active": true,
            "created_at": "2022-10-22T01:43:30.663",
            "updated_at": "2022-10-22T01:43:30.663",
            "created_by": null,
            "updated_by": null,
            "code": "202200006",
            "customer": 3,
            "delivery": 6,
            "date": "2022-10-22",
            "status": true
        }
    },
    {
        "model": "sales.order",
        "pk": 7,
        "fields": {
            "is_active": true,
            "created_at": "2022-10-22T01:44:45.411",
            "updated_at": "2022-10-22T01:44:45.411",
            "created_by": null,
            "updated_by": null,
            "code": "202200007",
            "customer": 3,
            "delivery": 7,
            "date": "2022-10-22",
            "status": true
        }
    },
    {
        "model": "sales.order",
        "pk": 8,
        "fields": {
            "is_active": true,
            "created_at": "2022-10-22T01:46:20.725",
            "updated_at": "2022-10-22T01:46:20.725",
            "created_by": null,
            "updated_by": null,
            "code": "202200008",
            "customer": 3,
            "delivery": 8,
            "date": "2022-10-22",
            "status": true
        }
    },
    {
        "model": "sales.order",
        "pk": 9,
        "fields": {
            "is_active": true,
            "created_at": "2022-10-22T01:47:24.030",
            "updated_at": "2022-10-22T01:47:24.030",
            "created_by": null,
            "updated_by": null,
            "code": "202200009",
            "customer": 3,
            "delivery": 9,
            "date": "2022-10-22",
            "status": true
        }
    },
    {
        "model": "sales.order",
        "pk": 10,
        "fields": {
            "is_active": true,
            "created_at": "2022-10-22T01:47:57.745",
            "updated_at": "2022-10-22T01:47:57.745",
            "created_by": null,
            "updated_by": null,
            "code": "202200010",
            "customer": 3,
            "delivery": 10,
            "date": "2022-10-22",
            "status": true
        }
    },
    {
        "model": "sales.order",
        "pk": 11,
        "fields": {
            "is_active": true,
            "created_at": "2022-10-22T01:50:42.335",
            "updated_at": "2022-10-22T01:50:42.335",
            "created_by": null,
            "updated_by": null,
            "code": "202200011",
            "customer": 3,
            "delivery": 11,
            "date": "2022-10-22",
            "status": true
        }
    },
    {
        "model": "sales.order",
        "pk": 12,
        "fields": {
            "is_active": true,
            "created_at": "2022-10-22T01:52:05.253",
            "updated_at": "2022-10-22T01:52:05.253",
            "created_by": null,
            "updated_by": null,
            "code": "202200012",
            "customer": 3,
            "delivery": 12,
            "date": "2022-10-22",
            "status": true
        }
    },
    {
        "model": "sales.order",
        "pk": 13,
        "fields": {
            "is_active": true,
            "created_at": "2022-10-22T01:54:48.909",
            "updated_at": "2022-10-22T01:54:48.909",
            "created_by": null,
            "updated_by": null,
            "code": "202200013",
            "customer": 3,
            "delivery": 13,
            "date": "2022-10-22",
            "status": true
        }
    },
    {
        "model": "sales.order",
        "pk": 14,
        "fields": {
            "is_active": true,
            "created_at": "2022-10-22T01:57:12.184",
            "updated_at": "2022-10-22T01:57:12.184",
            "created_by": null,
            "updated_by": null,
            "code": "202200014",
            "customer": 3,
            "delivery": 14,
            "date": "2022-10-22",
            "status": true
        }
    },
    {
        "model": "sales.order",
        "pk": 15,
        "fields": {
            "is_active": true,
            "created_at": "2022-10-22T01:58:19.338",
            "updated_at": "2022-10-22T01:58:19.338",
            "created_by": null,
            "updated_by": null,
            "code": "202200015",
            "customer": 3,
            "delivery": 15,
            "date": "2022-10-22",
            "status": true
        }
    },
    {
        "model": "sales.order",
        "pk": 16,
        "fields": {
            "is_active": true,
            "created_at": "2022-10-22T01:59:25.859",
            "updated_at": "2022-10-22T01:59:25.859",
            "created_by": null,
            "updated_by": null,
            "code": "202200016",
            "customer": 3,
            "delivery": 16,
            "date": "2022-10-22",
            "status": true
        }
    },
    {
        "model": "sales.order",
        "pk": 17,
        "fields": {
            "is_active": true,
            "created_at": "2022-10-22T02:40:38.903",
            "updated_at": "2022-10-22T02:40:38.903",
            "created_by": null,
            "updated_by": null,
            "code": "202200017",
            "customer": 3,
            "delivery": 18,
            "date": "2022-05-19",
            "status": true
        }
    },
    {
        "model": "sales.order",
        "pk": 18,
        "fields": {
            "is_active": true,
            "created_at": "2022-10-22T02:57:23.070",
            "updated_at": "2022-10-22T02:57:23.070",
            "created_by": null,
            "updated_by": null,
            "code": "202200018",
            "customer": 3,
            "delivery": 19,
            "date": "2022-05-21",
            "status": true
        }
    },
    {
        "model": "sales.order",
        "pk": 19,
        "fields": {
            "is_active": true,
            "created_at": "2022-10-22T03:04:57.020",
            "updated_at": "2022-10-22T03:04:57.020",
            "created_by": null,
            "updated_by": null,
            "code": "202200019",
            "customer": 3,
            "delivery": 20,
            "date": "2022-05-21",
            "status": true
        }
    },
    {
        "model": "sales.orderdetail",
        "pk": 1,
        "fields": {
            "is_active": true,
            "created_at": "2022-10-22T00:14:20.133",
            "updated_at": "2022-10-22T00:14:20.133",
            "created_by": null,
            "updated_by": null,
            "order": 2,
            "product": 1,
            "quantity": 48,
            "discount_amount": "0.00",
            "subtotal": "0.00"
        }
    },
    {
        "model": "sales.orderdetail",
        "pk": 2,
        "fields": {
            "is_active": true,
            "created_at": "2022-10-22T00:14:20.168",
            "updated_at": "2022-10-22T00:14:20.168",
            "created_by": null,
            "updated_by": null,
            "order": 2,
            "product": 2,
            "quantity": 10,
            "discount_amount": "0.00",
            "subtotal": "0.00"
        }
    },
    {
        "model": "sales.orderdetail",
        "pk": 3,
        "fields": {
            "is_active": true,
            "created_at": "2022-10-22T00:14:20.248",
            "updated_at": "2022-10-22T00:14:20.249",
            "created_by": null,
            "updated_by": null,
            "order": 2,
            "product": 2,
            "quantity": 15,
            "discount_amount": "0.00",
            "subtotal": "0.00"
        }
    },
    {
        "model": "sales.orderdetail",
        "pk": 4,
        "fields": {
            "is_active": true,
            "created_at": "2022-10-22T01:12:55.367",
            "updated_at": "2022-10-22T01:12:55.367",
            "created_by": null,
            "updated_by": null,
            "order": 3,
            "product": 2,
            "quantity": 11,
            "discount_amount": "5.00",
            "subtotal": "382.16"
        }
    },
    {
        "model": "sales.orderdetail",
        "pk": 5,
        "fields": {
            "is_active": true,
            "created_at": "2022-10-22T01:12:55.511",
            "updated_at": "2022-10-22T01:12:55.511",
            "created_by": null,
            "updated_by": null,
            "order": 3,
            "product": 3,
            "quantity": 22,
            "discount_amount": "0.00",
            "subtotal": "935.00"
        }
    },
    {
        "model": "sales.orderdetail",
        "pk": 6,
        "fields": {
            "is_active": true,
            "created_at": "2022-10-22T01:12:55.549",
            "updated_at": "2022-10-22T01:12:55.549",
            "created_by": null,
            "updated_by": null,
            "order": 3,
            "product": 4,
            "quantity": 33,
            "discount_amount": "5.00",
            "subtotal": "1450.25"
        }
    },
    {
        "model": "sales.orderdetail",
        "pk": 7,
        "fields": {
            "is_active": true,
            "created_at": "2022-10-22T01:21:51.210",
            "updated_at": "2022-10-22T01:21:51.210",
            "created_by": null,
            "updated_by": null,
            "order": 4,
            "product": 4,
            "quantity": 42,
            "discount_amount": "5.00",
            "subtotal": "0.00"
        }
    },
    {
        "model": "sales.orderdetail",
        "pk": 8,
        "fields": {
            "is_active": true,
            "created_at": "2022-10-22T01:52:12.109",
            "updated_at": "2022-10-22T01:52:12.109",
            "created_by": null,
            "updated_by": null,
            "order": 12,
            "product": 7,
            "quantity": 42,
            "discount_amount": "10.00",
            "subtotal": "0.00"
        }
    },
    {
        "model": "sales.orderdetail",
        "pk": 9,
        "fields": {
            "is_active": true,
            "created_at": "2022-10-22T01:52:31.103",
            "updated_at": "2022-10-22T01:52:31.103",
            "created_by": null,
            "updated_by": null,
            "order": 12,
            "product": 9,
            "quantity": 53,
            "discount_amount": "0.00",
            "subtotal": "0.00"
        }
    },
    {
        "model": "sales.orderdetail",
        "pk": 10,
        "fields": {
            "is_active": true,
            "created_at": "2022-10-22T01:52:33.366",
            "updated_at": "2022-10-22T01:52:33.366",
            "created_by": null,
            "updated_by": null,
            "order": 12,
            "product": 10,
            "quantity": 62,
            "discount_amount": "5.00",
            "subtotal": "0.00"
        }
    },
    {
        "model": "sales.orderdetail",
        "pk": 11,
        "fields": {
            "is_active": true,
            "created_at": "2022-10-22T01:55:23.712",
            "updated_at": "2022-10-22T01:55:23.712",
            "created_by": null,
            "updated_by": null,
            "order": 13,
            "product": 7,
            "quantity": 42,
            "discount_amount": "10.00",
            "subtotal": "0.00"
        }
    },
    {
        "model": "sales.orderdetail",
        "pk": 12,
        "fields": {
            "is_active": true,
            "created_at": "2022-10-22T01:55:29.810",
            "updated_at": "2022-10-22T01:55:29.810",
            "created_by": null,
            "updated_by": null,
            "order": 13,
            "product": 9,
            "quantity": 53,
            "discount_amount": "0.00",
            "subtotal": "0.00"
        }
    },
    {
        "model": "sales.orderdetail",
        "pk": 13,
        "fields": {
            "is_active": true,
            "created_at": "2022-10-22T01:55:29.912",
            "updated_at": "2022-10-22T01:55:29.912",
            "created_by": null,
            "updated_by": null,
            "order": 13,
            "product": 10,
            "quantity": 62,
            "discount_amount": "5.00",
            "subtotal": "0.00"
        }
    },
    {
        "model": "sales.orderdetail",
        "pk": 14,
        "fields": {
            "is_active": true,
            "created_at": "2022-10-22T01:57:12.411",
            "updated_at": "2022-10-22T01:57:12.411",
            "created_by": null,
            "updated_by": null,
            "order": 14,
            "product": 7,
            "quantity": 42,
            "discount_amount": "10.00",
            "subtotal": "0.00"
        }
    },
    {
        "model": "sales.orderdetail",
        "pk": 15,
        "fields": {
            "is_active": true,
            "created_at": "2022-10-22T01:57:12.525",
            "updated_at": "2022-10-22T01:57:12.525",
            "created_by": null,
            "updated_by": null,
            "order": 14,
            "product": 9,
            "quantity": 53,
            "discount_amount": "0.00",
            "subtotal": "0.00"
        }
    },
    {
        "model": "sales.orderdetail",
        "pk": 16,
        "fields": {
            "is_active": true,
            "created_at": "2022-10-22T01:57:12.589",
            "updated_at": "2022-10-22T01:57:12.589",
            "created_by": null,
            "updated_by": null,
            "order": 14,
            "product": 10,
            "quantity": 62,
            "discount_amount": "5.00",
            "subtotal": "0.00"
        }
    },
    {
        "model": "sales.orderdetail",
        "pk": 17,
        "fields": {
            "is_active": true,
            "created_at": "2022-10-22T01:58:19.377",
            "updated_at": "2022-10-22T01:58:19.377",
            "created_by": null,
            "updated_by": null,
            "order": 15,
            "product": 7,
            "quantity": 42,
            "discount_amount": "10.00",
            "subtotal": "0.00"
        }
    },
    {
        "model": "sales.orderdetail",
        "pk": 18,
        "fields": {
            "is_active": true,
            "created_at": "2022-10-22T01:58:19.496",
            "updated_at": "2022-10-22T01:58:19.496",
            "created_by": null,
            "updated_by": null,
            "order": 15,
            "product": 9,
            "quantity": 53,
            "discount_amount": "0.00",
            "subtotal": "0.00"
        }
    },
    {
        "model": "sales.orderdetail",
        "pk": 19,
        "fields": {
            "is_active": true,
            "created_at": "2022-10-22T01:58:19.562",
            "updated_at": "2022-10-22T01:58:19.562",
            "created_by": null,
            "updated_by": null,
            "order": 15,
            "product": 10,
            "quantity": 62,
            "discount_amount": "5.00",
            "subtotal": "0.00"
        }
    },
    {
        "model": "sales.orderdetail",
        "pk": 20,
        "fields": {
            "is_active": true,
            "created_at": "2022-10-22T01:59:25.898",
            "updated_at": "2022-10-22T01:59:25.898",
            "created_by": null,
            "updated_by": null,
            "order": 16,
            "product": 7,
            "quantity": 42,
            "discount_amount": "10.00",
            "subtotal": "527.31"
        }
    },
    {
        "model": "sales.orderdetail",
        "pk": 21,
        "fields": {
            "is_active": true,
            "created_at": "2022-10-22T01:59:25.999",
            "updated_at": "2022-10-22T01:59:25.999",
            "created_by": null,
            "updated_by": null,
            "order": 16,
            "product": 9,
            "quantity": 53,
            "discount_amount": "0.00",
            "subtotal": "1420.40"
        }
    },
    {
        "model": "sales.orderdetail",
        "pk": 22,
        "fields": {
            "is_active": true,
            "created_at": "2022-10-22T01:59:26.114",
            "updated_at": "2022-10-22T01:59:26.114",
            "created_by": null,
            "updated_by": null,
            "order": 16,
            "product": 10,
            "quantity": 62,
            "discount_amount": "5.00",
            "subtotal": "660.27"
        }
    },
    {
        "model": "sales.orderdetail",
        "pk": 23,
        "fields": {
            "is_active": true,
            "created_at": "2022-10-22T02:40:38.931",
            "updated_at": "2022-10-22T02:40:38.931",
            "created_by": null,
            "updated_by": null,
            "order": 17,
            "product": 7,
            "quantity": 42,
            "discount_amount": "10.00",
            "subtotal": "527.31"
        }
    },
    {
        "model": "sales.orderdetail",
        "pk": 24,
        "fields": {
            "is_active": true,
            "created_at": "2022-10-22T02:40:39.008",
            "updated_at": "2022-10-22T02:40:39.008",
            "created_by": null,
            "updated_by": null,
            "order": 17,
            "product": 9,
            "quantity": 53,
            "discount_amount": "0.00",
            "subtotal": "1420.40"
        }
    },
    {
        "model": "sales.orderdetail",
        "pk": 25,
        "fields": {
            "is_active": true,
            "created_at": "2022-10-22T02:40:39.072",
            "updated_at": "2022-10-22T02:40:39.072",
            "created_by": null,
            "updated_by": null,
            "order": 17,
            "product": 10,
            "quantity": 62,
            "discount_amount": "5.00",
            "subtotal": "660.27"
        }
    },
    {
        "model": "sales.orderdetail",
        "pk": 26,
        "fields": {
            "is_active": true,
            "created_at": "2022-10-22T02:57:23.139",
            "updated_at": "2022-10-22T02:57:23.139",
            "created_by": null,
            "updated_by": null,
            "order": 18,
            "product": 2,
            "quantity": 1,
            "discount_amount": "5.00",
            "subtotal": "34.74"
        }
    },
    {
        "model": "sales.orderdetail",
        "pk": 27,
        "fields": {
            "is_active": true,
            "created_at": "2022-10-22T03:04:57.139",
            "updated_at": "2022-10-22T03:04:57.139",
            "created_by": null,
            "updated_by": null,
            "order": 19,
            "product": 2,
            "quantity": 1,
            "discount_amount": "1.83",
            "subtotal": "34.74"
        }
    }
]